,store,addr,lat,lng
0,강남YMCA점,서울 강남구 논현동,0.0,0.0
1,강남구청역아이티웨딩점,"서울 강남구 학동로 338 (논현동, 강남파라곤)",37.51654171724045,127.0401601992311
2,강남논현학동점,서울 강남구 논현로131길 28 (논현동),37.51408005446769,127.02810578707653
3,강남대치점,"서울 강남구 역삼로 415 (대치동, 성진빌딩)",37.50133876179308,127.05242928262568
4,강남도산점,서울 강남구 도산대로37길 20 (신사동),37.50133876179308,127.05242928262568
5,강남율현점,"서울 강남구 밤고개로21길 8 (율현동, 세곡프라자)",37.4735487656314,127.107863694133
6,개포동역점,"서울 강남구 개포로82길 11 (개포동, 삼우빌딩)",37.488604436046536,127.06742226515867
7,건설회관점,서울 강남구 언주로 711 (논현동),37.488604436046536,127.06742226515867
8,대청역점,"서울 강남구 개포로109길 34 (개포동, 대청프라자)",37.49418891219431,127.07764131137398
9,대치역점,"서울 강남구 남부순환로 2937 (대치동, 까치빌딩)",37.4940924880388,127.061617564506
10,도곡2동점,"서울 강남구 논현로 142 (도곡동, 동현빌딩)",37.482353824702095,127.04304591726503
11,도산사거리점,서울 강남구 논현동 ,37.482353824702095,127.04304591726503
12,삼성대치점,"서울 강남구 삼성로64길 32 (대치동, 주성빌딩)",37.50043704079942,127.06310437319587
13,삼성동점,서울 강남구 테헤란로88길 10 (대치동),37.50043704079942,127.06310437319587
14,삼성중앙역점,"서울 강남구 삼성로 608 (삼성동, 우창빌딩)",37.5138886492475,127.053299510545
15,삼성한전점,서울 강남구 테헤란로107길 11 (삼성동),0.0,0.0
16,선릉역점,"서울 강남구 테헤란로 332 (역삼동, HJ타워)",37.503774633134,127.048192060882
17,선릉점,"서울 강남구 선릉로86길 15 (대치동, 현대선릉 GOLD TOWER)",37.50346806209728,127.05088702698811
18,신사역점,서울 강남구 압구정로2길 62 (신사동),37.517782772275645,127.02145819084598
19,압구정현대점 ,"서울 강남구 압구정로 214 (신사동, 현대종합상가빌딩)",37.527994487818226,127.03073566616045
20,역삼역점,서울 강남구 테헤란로25길 17 (역삼동),37.50178663316214,127.03523956508853
21,역삼월드점,"서울 강남구 역삼로52길 14 (역삼동, 도곡프라자)",37.49854753271711,127.04798299548432
22,역삼점,서울 강남구 논현로72길 13 (역삼동),0.0,0.0
23,역삼중앙점,서울 강남구 언주로81길 8 (역삼동),37.5003154494517,127.04292899982501
24,역삼초교점,서울 강남구 강남대로 314 (역삼동),0.0,0.0
25,역삼충현점,서울 강남구 논현로98길 7 (역삼동),0.0,0.0
26,역삼플래티넘점,"서울 강남구 테헤란로4길 46 (역삼동, 쌍용플래티넘밸류)",0.0,0.0
27,을지병원사거리점,서울 강남구 도산대로30길 7 (논현동),0.0,0.0
28,이디야커피랩,"서울 강남구 논현로 636 (논현동, 이디야빌딩)",37.51047297481296,127.032981540064
29,일원동점,서울 강남구 양재대로27길 20 (일원동),37.49040201406986,127.08160067456868
30,청담사거리점,서울 강남구 도산대로 521 (청담동),37.524855870334314,127.05035288418118
31,청담역점,"서울 강남구 삼성로 721 (청담동, 룩희 819)",37.5200643058897,127.049146860404
32,포이사거리점,서울 강남구 개포로 218 (개포동),37.5200643058897,127.049146860404
33,학동역점,"서울 강남구 학동로 219 (논현동, 국제빌딩)",37.51499417378034,127.03312378880226
34,학동제마점,서울 강남구 학동로34길 22 (논현동),37.5131174134101,127.033652198273
35,한티역점,서울 강남구 도곡로69길 8 (대치동),37.4979490135961,127.056118735013
36,강동고덕교차로점,"서울 강동구 고덕로 421 (강일동, 대한연세요양원)",37.5574052401914,127.172575598882
37,강동구청점,"서울 강동구 성내로6길 20 (성내동, 청일 베르네)",0.0,0.0
38,강동성내점,서울 강동구 풍성로 162 (성내동),37.5305040538801,127.129853009462
39,강동역점,"서울 강동구 천호대로 1065 (천호동, 강동상떼빌)",0.0,0.0
40,고덕강일2지구점,서울 강동구 아리수로93나길 76 (강일동),37.5724724003773,127.175933655982
41,고덕그라시움후문점,서울 강동구 동남로82길 121 (고덕동),37.56039666265223,127.16370018873648
42,고덕점,"서울 강동구 동남로75길 19 (명일동, 명일빌딩)",37.55413723208973,127.15518054387726
43,굽은다리역점,서울 강동구 양재대로 1543 (천호동),0.0,0.0
44,길동사거리점,서울 강동구 천호대로 1132 (성내동),0.0,0.0
45,길동역점,서울 강동구 양재대로 1471 (길동),0.0,0.0
46,길동중앙점,서울 강동구 명일로 200 (길동),0.0,0.0
47,둔촌점,서울 강동구 양재대로 1377 (성내동),0.0,0.0
48,명일역점,"서울 강동구 구천면로 424 (명일동, 명일메가타운)",37.550410338798194,127.14556505383719
49,명일중앙점,"서울 강동구 상암로 210 (명일동, 명일현대종합상가)",37.5462992589271,127.145789262651
50,보훈병원점,"서울 강동구 명일로 110 (둔촌동, 둔촌동암펠로스타워)",37.5462992589271,127.145789262651
51,암사중앙점,"서울 강동구 암사길 50 (암사동, 제이빌더스)",37.5513635720856,127.134728442286
52,올림픽북문점,서울 강동구 성안로 7 (성내동),0.0,0.0
53,천호1동점,"서울 강동구 구천면로34길 43 (천호동, 헤리티지)",37.5425666122483,127.13359431159
54,천호로데오점,서울 강동구 천호대로 1027 (천호동),37.5425666122483,127.13359431159
55,천호중앙점,"서울 강동구 올림픽로 660 (천호동, 천호엘크루주상복합)",37.54016837687974,127.12456936024019
56,천호초교사거리점,"서울 강동구 구천면로 304 (천호동, 일주빌딩)",37.5467270340876,127.134809493652
57,천호현대점,서울 강동구 올림픽로 665 (천호동),37.5467270340876,127.134809493652
58,4.19사거리점,서울 강북구 삼양로 501 (수유동),37.5467270340876,127.134809493652
59,가오리역점,서울 강북구 삼각산로 108 (수유동),37.6406008108564,127.016163948133
60,미아꿈의숲해링턴점,"서울 강북구 오현로 45 (미아동, 꿈의숲 해링턴 플레이스)",37.6169375235603,127.034460650104
61,미아역점,서울 강북구 도봉로 207 -3(미아동),37.6270583442503,127.02547799375
62,미아중앙점,서울 강북구 도봉로 128 (미아동),37.6204702944714,127.028752360124
63,번동점,"서울 강북구 오현로 194 (번동, 덕수빌딩)",37.6288359683906,127.03987378053
64,북한산점,서울 강북구 4.19로 85 (수유동),37.6447601874917,127.005613427587
65,수유사거리점,"서울 강북구 덕릉로 82 (수유동, 제네스타워)",0.0,0.0
66,수유역점,서울 강북구 도봉로 355 (수유동),0.0,0.0
67,우이역도선사점,서울 강북구 삼양로173길 21 (우이동),0.0,0.0
68,한신대점,서울 강북구 덕릉로 31 (수유동),0.0,0.0
69,가양역점,서울 강서구 양천로 500 (등촌동),0.0,0.0
70,강서nc점,서울 강서구 강서로54길 11 (등촌동),0.0,0.0
71,강서구청점,"서울 강서구 화곡로 292 (화곡동, 서광프리메라)",0.0,0.0
72,강서한강자이점,서울 강서구 양천로 401 (가양동),0.0,0.0
73,개화산역점,"서울 강서구 양천로 28 (방화동, 벽산에어트리움)",37.5722836809967,126.80696733511
74,개화산점,"서울 강서구 양천로 28 (방화동, 벽산에어트리움)",37.5723030060453,126.806994113323
75,공항시장역점,"서울 강서구 방화동로 37 (방화동, 메디스타워)",37.5641822785808,126.810682079138
76,김해국제공항국내선점,부산 강서구 공항진입로 108 (대저2동),0.0,0.0
77,김해국제공항국제선점,부산 강서구 공항진입로 108 (대저2동),0.0,0.0
78,까치산로점,서울 강서구 까치산로 182 (화곡동),0.0,0.0
79,까치산역점,서울 강서구 강서로17길 6 (화곡동),0.0,0.0
80,등촌3동성당점,"서울 강서구 강서로56길 110 (등촌동, SJC빌딩)",37.5588989867375,126.844878507014
81,등촌동점,"서울 강서구 공항대로61길 20 (염창동, 우리프리머스)",0.0,0.0
82,등촌역점,서울 강서구 등촌로 217 (등촌동),0.0,0.0
83,렘넌트문화센터점,"서울 강서구 화곡로63길 65 (등촌동, 예원교회)",37.55786209369936,126.84945198496683
84,마곡대방디엠씨티점,"서울 강서구 양천로 344 (마곡동, 마곡센트럴대방디엠시티오피스텔)",37.56843913691685,126.84038658631331
85,마곡엠밸리점,"서울 강서구 마곡서로 101 (마곡동, 동익드미라벨복합빌딩)",37.5626706927393,126.823605646871
86,마곡중앙점,"서울 강서구 마곡중앙6로 66 (마곡동, 퀸즈파크텐)",37.5626706927393,126.823605646871
87,마곡퀸즈파크9점,"서울 강서구 공항대로 247 (마곡동, 퀸즈파크나인)",37.5593135416408,126.83523920295
88,마곡파인스퀘어점,"서울 강서구 마곡중앙4로 22 (마곡동, 파인스퀘어)",37.5582813792344,126.829290828058
89,마곡헤리움점,"서울 강서구 마곡중앙5로1길 25 (마곡동, 마곡헤리움2차)",37.5692420716795,126.826138036672
90,발산역점,서울 강서구 공항대로 280 (내발산동),37.55807272536136,126.8383941467497
91,방화동로점,서울 강서구 방화동로 95 (방화동),37.5690161610357,126.812631152778
92,방화사거리점,"서울 강서구 양천로 72 (방화동, 해성빌딩)",37.5732116324409,126.811777075121
93,방화역점,"서울 강서구 금낭화로 145 (방화동, 에어뷰21-1오피스텔)",37.5783009851923,126.812798304593
94,부산명지너울공원점,부산 강서구 명지국제6로232번길 20 (명지동),37.5783009851923,126.812798304593
95,부산명지점,부산 강서구 명지오션시티8로16번길 25 (명지동),37.5783009851923,126.812798304593
96,부산신호동점,부산 강서구 신호산단5로 42 (신호동),0.0,0.0
97,부산지사명진파크뷰점,"부산 강서구 과학산단2로20번길 11 (지사동, 명진파크뷰)",0.0,0.0
98,서부산유통지구역점,부산 강서구 유통단지1로 53 (대저2동),0.0,0.0
99,신방화역점,"서울 강서구 마곡중앙5로 81 (마곡동, 에스비타운)",37.5671170824829,126.818597219555
100,신방화중앙점,"서울 강서구 방화대로34길 92 (방화동, 불해빌딩)",37.5708583976379,126.821451112442
101,염창동점,서울 강서구 양천로 689 (염창동),37.5708583976379,126.821451112442
102,우장산동점,서울 강서구 우현로 15 (화곡동),0.0,0.0
103,우장산역점,서울 강서구 강서로45길 5 (화곡동),0.0,0.0
104,화곡로점,서울 강서구 화곡로 133 (화곡동),0.0,0.0
105,화곡본동시장점,서울 강서구 까치산로4길 11 (화곡동),37.54223429652289,126.84424724638545
106,화곡사거리점,서울 강서구 곰달래로 135 (화곡동),37.54223429652289,126.84424724638545
107,관악산으뜸점,서울 관악구 신림로 21 (신림동),37.4684727257098,126.944897173087
108,관악우성점,서울 관악구 관악로 232 (봉천동),37.4849644283346,126.95603357684
109,관악하나로마트점,"서울 관악구 남부순환로 1369 (신림동, 관악농협농산물백화점)",37.4801290693885,126.902896907397
110,낙성대역점,서울 관악구 남부순환로 1915 (봉천동),37.4801290693885,126.902896907397
111,난곡사거리점,서울 관악구 남부순환로 1444 (신림동),37.4809279906563,126.911256043771
112,남현홈플러스점,"서울 관악구 과천대로 909 (남현동, 남현프라자)",37.4809279906563,126.911256043771
113,녹두거리점,서울 관악구 신림로 91 (신림동),37.4809279906563,126.911256043771
114,보라매중앙점,"서울 관악구 보라매로 62 (봉천동, 보라매삼성아파트)",37.4809279906563,126.911256043771
115,봉일시장점,서울 관악구 은천로 23 (봉천동),37.4809279906563,126.911256043771
116,봉천역점,서울 관악구 남부순환로 1725 (봉천동),37.4809279906563,126.911256043771
117,봉천현대시장점,서울 관악구 양녕로 39-1 (봉천동),37.4857087156598,126.946749008784
118,서울대중앙점,서울 관악구 남부순환로216길 2 (봉천동),37.48137982242393,126.9490007619789
119,신대방역점,서울 관악구 난곡로 368 (신림동),0.0,0.0
120,신림대학동점,서울 관악구 호암로26길 17 (신림동),0.0,0.0
121,신림문화교점,"서울 관악구 신림로46길 1 (신림동, 서원동성당)",37.4784569907315,126.933022235665
122,신림미성점,서울 관악구 난곡로 250 (신림동),37.4765402893322,126.915984298817
123,신림신화교점,서울 관악구 신림로 199 (신림동),37.475523804882876,126.93620717411919
124,신림역점,서울 관악구 신림로 312 (신림동),37.48218874829938,126.93014982439058
125,신림패션문화점,서울 관악구 봉천로6길 24 (신림동),37.488621134755,126.925430749958
126,청룡중앙점,"서울 관악구 쑥고개로 80 (봉천동, 제이빌딩)",0.0,0.0
127,건대스타시티2호점,"서울 광진구 능동로 92 (자양동, 스타시티몰) 지하 2층 201호",0.0,0.0
128,건대스타시티점,"서울 광진구 아차산로 272 (자양동, 더샵스타시티)",0.0,0.0
129,건대역점,"서울 광진구 아차산로 229 (화양동, 한림타워)",0.0,0.0
130,구의사거리점,서울 광진구 광나루로 508 (구의동),0.0,0.0
131,구의역점,서울 광진구 구의로 4 (구의동),0.0,0.0
132,구의자양로점,서울 광진구 자양로 251 (구의동),37.548993161964745,127.0893030454462
133,군자역점,"서울 광진구 능동로 290 (능동, 삼일빌딩)",0.0,0.0
134,동서울터미널점,서울 광진구 구의동 ,0.0,0.0
135,세종대후문점,서울 광진구 군자로 109 (군자동),0.0,0.0
136,아차산역점,서울 광진구 천호대로 663 (구의동),0.0,0.0
137,자양동점,서울 광진구 자양로 46 (자양동),0.0,0.0
138,자양사거리점,서울 광진구 자양로 81 (자양동),37.5351324957877,127.083842770754
139,자양우성점,"서울 광진구 자양번영로 34 (자양동, 제이원하이텔)",37.5351324957877,127.083842770754
140,중곡대원점,서울 광진구 용마산로 111 (중곡동),37.5351324957877,127.083842770754
141,중곡신성점,"서울 광진구 용마산로 37 (중곡동, 이안빌딩)",37.557021695282,127.087723525693
142,중곡중앙점,서울 광진구 능동로 330 (중곡동),0.0,0.0
143,혜민병원점,"서울 광진구 자양로 85 (자양동, 혜민병원)",37.5354377087993,127.083398686427
144,개봉북부점,서울 구로구 경인로40길 12 (개봉동),37.5354377087993,127.083398686427
145,개봉역점,서울 구로구 남부순환로97길 11 (개봉동),37.49425567906598,126.85837744421302
146,개봉현대점,서울 구로구 개봉로 69 (개봉동),0.0,0.0
147,고척사거리점,"서울 구로구 고척로 228-6 (고척동, 종만빌딩)",37.50590782693333,126.8582904039366
148,고척스카이돔점,"서울 구로구 경인로 397 (고척동, 골든타워빌딩)",37.49757339497824,126.86392369544527
149,구로NC점,서울 구로구 구로동로 240 (구로동),0.0,0.0
150,구로구청점,"서울 구로구 가마산로25길 9 (구로동, 네오팰리스)",37.4966251468796,126.890315032666
151,구로궁동점,서울 구로구 오리로 1304 (궁동) 1층,37.497825883946476,126.82937821925746
152,구로미성점,"서울 구로구 구로중앙로 228 (신도림동, 기임빌딩)",37.50618302845446,126.87671651690317
153,구로역광장점,"서울 구로구 경인로 572 (구로동, 스타팰리스)",37.50330519053889,126.88108330547095
154,구로이마트점,서울 구로구 디지털로32길 43 (구로동),37.50330519053889,126.88108330547095
155,구로코레일점,"서울 구로구 구로중앙로 174 (구로동, 구로역)",37.50246213304171,126.88136511388151
156,구로하버라인점,"서울 구로구 항동로3길 6 (항동, 가온 프라자)",37.4808134179081,126.824263948518
157,구일역점,"서울 구로구 구일로 110 (구로동, 해원리버파크)",37.49494013521619,126.87192053744891
158,남구로역점,서울 구로구 디지털로27길 127 (가리봉동),37.49494013521619,126.87192053744891
159,성공회대점,서울 구로구 연동로 312 (항동),0.0,0.0
160,신도림메르디앙점,"서울 구로구 신도림로 65 (신도림동, 신도림월드메르디앙오피스텔)",0.0,0.0
161,신도림테크노마트점,서울 구로구 새말로 97 (구로동),0.0,0.0
162,오류북부역점,서울 구로구 경인로20길 6 (오류동),0.0,0.0
163,가산두산위브점,서울 금천구 가산로 111 (가산동),0.0,0.0
164,가산리더스타워점,서울 금천구 벚꽃로 286 (가산동),0.0,0.0
165,가산오거리점,"서울 금천구 가산로 155 (가산동, 케이디에스빌딩)",37.478860594893845,126.8901033556771
166,가산월드점,서울 금천구 가산디지털2로 123 (가산동),37.478860594893845,126.8901033556771
167,가산하이엔드10차점,"서울 금천구 가산디지털1로 30 (가산동, 에이스하이엔드타워10)",37.4688028726128,126.88749549372685
168,금천롯데마트점,"서울 금천구 시흥대로 291 (독산동, 금천롯데캐슬골드파크3차)",37.4688028726128,126.88749549372685
169,독산동쌈지공원점,서울 금천구 독산로 276 (독산동),37.471350493002376,126.9032865178164
170,독산동점,"서울 금천구 독산로 218 (독산동, 창영빌딩)",37.46635783819566,126.90200430635853
171,박미삼거리점,서울 금천구 시흥대로 150 (시흥동),37.46635783819566,126.90200430635853
172,석수푸르지오점,"서울 금천구 삼성산길 11 (시흥동, 위너스타워)",37.43411234401002,126.90472649315366
173,세광교회점,서울 금천구 독산로 124 (시흥동),37.43411234401002,126.90472649315366
174,시흥동점,서울 금천구 시흥동,37.43411234401002,126.90472649315366
175,시흥유통센터점,"서울 금천구 시흥대로 88 (시흥동, 오복빌딩)",37.43411234401002,126.90472649315366
176,시흥중앙점,서울 금천구 금하로 748 (시흥동),37.43411234401002,126.90472649315366
177,은행나무사거리점,서울 금천구 금하로 690 (시흥동),37.43411234401002,126.90472649315366
178,공릉역점,서울 노원구 동일로192길 5 (공릉동),37.43411234401002,126.90472649315366
179,광운대점,서울 노원구 광운로 29 (월계동),37.43411234401002,126.90472649315366
180,노원중앙점,서울 노원구 노원로 452 (상계동),37.43411234401002,126.90472649315366
181,당고개역점,서울 노원구 상계로 313 (상계동),37.43411234401002,126.90472649315366
182,상계동점,서울 노원구 한글비석로52길 8 (상계동),0.0,0.0
183,상계상록스토아점,"서울 노원구 동일로227길 26 (상계동, 상계주공15단지아파트)",37.6701880464645,127.054677638301
184,상계역사거리점,서울 노원구 한글비석로 409 (상계동) 1~2층,37.6701880464645,127.054677638301
185,상계역점,서울 노원구 덕릉로 698 (중계동),37.6701880464645,127.054677638301
186,상계중앙점,서울 노원구 동일로 1650 (상계동),37.6701880464645,127.054677638301
187,서울여대점,서울 노원구 노원로 3 (공릉동),0.0,0.0
188,수락산역점,"서울 노원구 동일로 1689 (상계동, 하이베라스)",0.0,0.0
189,원자력병원점,서울 노원구 공릉로46길 6 (공릉동),0.0,0.0
190,월계이마트점,"서울 노원구 마들로3길 15 (월계동, 월계이마트)",37.6265093604229,127.061979778612
191,월계인덕점,서울 노원구 광운로22길 39 (월계동),37.6265093604229,127.061979778612
192,중계롯데우성점,서울 노원구 노원로22길 70 (중계동),37.6265093604229,127.061979778612
193,중계본동점,서울 노원구 중계로14바길 2 (중계동),37.649884209754255,127.0826133945026
194,중계점,서울 노원구 동일로204가길 34 (중계동),37.649884209754255,127.0826133945026
195,태릉입구역점,"서울 노원구 공릉로 105 (공릉동, 성종빌딩)",37.6196132389484,127.077885277951
196,하계을지점,서울 노원구 공릉로 326 (하계동),37.6196132389484,127.077885277951
197,덕성여대점,서울 도봉구 삼양로 542 (쌍문동),37.6516084987977,127.01319601269354
198,도봉구청점,"서울 도봉구 도봉로150길 43 (방학동, ESA 아파트)",37.6516084987977,127.01319601269354
199,도봉산점,서울 도봉구 도봉산길 18 (도봉동),37.68753761913406,127.04374413595103
200,도봉중앙점,서울 도봉구 도봉로181길 18 (도봉동),37.68753761913406,127.04374413595103
201,방학역점,서울 도봉구 도봉로153길 15 (방학동),0.0,0.0
202,방학점,서울 도봉구 방학로 171 (방학동),0.0,0.0
203,선덕고사거리점,"서울 도봉구 해등로 255 (쌍문동, 에벤에셀아파트)",0.0,0.0
204,솔밭공원역점,"서울 도봉구 삼양로 594 (쌍문동, 주함해븐빌)",37.6560582306343,127.013556949839
205,신창점,서울 도봉구 덕릉로 235 (창동),37.6389379513295,127.038109547969
206,쌍문동점,서울 도봉구 노해로 162 (쌍문동),37.648691425654484,127.02717853006696
207,쌍문역점,서울 도봉구 도봉로117길 4 (쌍문동),37.6494415919409,127.034706714207
208,창동대우점,서울 도봉구 덕릉로63가길 30 (창동),37.64346473981549,127.03874807786094
209,창동역점,서울 도봉구 마들로11길 65 (창동),37.6534171446527,127.049667391336
210,창동제일점,서울 도봉구 노해로70길 81 (창동),37.64890361348041,127.05250451283374
211,창동하나로마트점,"서울 도봉구 마들로11길 20 (창동, 농협창동유통센타)",37.654796530681296,127.05139242088684
212,창동학원가점,서울 도봉구 해등로16길 61 (창동),37.654796530681296,127.05139242088684
213,경희대점,서울 동대문구 경희대로 4 (회기동),37.59203327648363,127.05250416385545
214,경희대캠퍼스점,"서울 동대문구 경희대로 26 (회기동, 경희대학교,경희초,중,고,여자중고등학교)",37.595279710668244,127.05111084006764
215,답십리사거리점,서울 동대문구 답십리로 145 (답십리동),37.573052190180896,127.05611323484102
216,답십리파크자이점,"서울 동대문구 한천로 55 (답십리동, 영진빌딩)",37.5669101962131,127.061880899304
217,동대문구청점,서울 동대문구 천호대로 153-1 (용두동),37.5736135434364,127.040640800113
218,동부병원사거리점,서울 동대문구 무학로 104 (용두동),37.5736135434364,127.040640800113
219,배봉초교사거리점,서울 동대문구 답십리로63길 131 (장안동),37.5736135434364,127.040640800113
220,서울시립대점,"서울 동대문구 서울시립대로 164 (전농동, 도석프라자)",37.58327457593998,127.0548189288785
221,신설동역점,서울 동대문구 천호대로 11-3 (신설동),37.57504733413244,127.02493296369806
222,용두동사거리점,서울 동대문구 왕산로 68 (용두동),37.57504733413244,127.02493296369806
223,용두동점,서울 동대문구 고산자로 413-1 (용두동),37.57504733413244,127.02493296369806
224,이문점 ,서울 동대문구 신이문로 19 (이문동),37.57504733413244,127.02493296369806
225,장안동사거리점,서울 동대문구 답십리로 309 (장안동),37.57504733413244,127.02493296369806
226,장안중랑천점,서울 동대문구 장한로18길 32 (장안동),37.56754823943685,127.07077591338621
227,장안중앙점,서울 동대문구 사가정로25길 42 (장안동),37.56754823943685,127.07077591338621
228,장한평군자초교점,서울 동대문구 한천로2길 53 (장안동),37.562872788703984,127.06144791110913
229,전농사거리점,서울 동대문구 사가정로 132 (전농동),37.562872788703984,127.06144791110913
230,청량리점,서울 동대문구 왕산로 225 (청량리동),0.0,0.0
231,촬영소사거리점,서울 동대문구 답십리로 264 (장안동),0.0,0.0
232,회기역중앙점,서울 동대문구 회기로 194-1 (휘경동),37.58980550001833,127.05749583678211
233,남성역점,서울 동작구 사당로17가길 13 (사당동),37.58980550001833,127.05749583678211
234,노들점,서울 동작구 노량진로 200 (노량진동),0.0,0.0
235,노량진CTS점,서울 동작구 노량진로 110 (노량진동),0.0,0.0
236,노량진드림스퀘어점,"서울 동작구 노들로2길 7 (노량진동, 노량진 드림스퀘어 복합빌딩)",37.514162523894726,126.93865425871968
237,노량진역사점,"서울 동작구 노량진로 지하 130 (노량진동, 9호선 노량진역)",37.513574825476404,126.94082532227891
238,대방역점,"서울 동작구 노량진로 24 (대방동, 한신빌딩)",37.51290838049896,126.92834765518518
239,보라매공원점,서울 동작구 여의대방로 90 (신대방동),0.0,0.0
240,보라매점,"서울 동작구 보라매로5가길 16 (신대방동, 보라매아카데미타워)",0.0,0.0
241,사당역점,서울 동작구 동작대로7길 100 (사당동),0.0,0.0
242,상도역점,서울 동작구 상도로 277 (상도1동),0.0,0.0
243,상도중앙점,서울 동작구 만양로 17 (상도동),37.50632113638169,126.94715442128768
244,상도파크엘점,"서울 동작구 양녕로 220 (상도동, 상도역 롯데캐슬 파크엘)",37.5007111108525,126.945556219571
245,신대방삼거리점,서울 동작구 상도로 78 (대방동),37.499545156936364,126.92914752489297
246,이수중앙점,서울 동작구 사당로 285 (사당동),37.499545156936364,126.92914752489297
247,중앙대점,서울 동작구 흑석로 79 (흑석동),0.0,0.0
248,중앙대후문점,서울 동작구 흑석로 20 (상도동),37.5048307436215,126.9530308556
249,총신대점,"서울 동작구 사당로16가길 96 (사당동) 1,2층",0.0,0.0
250,해군회관점,서울 동작구 여의대방로 194 (대방동),0.0,0.0
251,흑석역점,서울 동작구 현충로 100-1 (흑석동),37.5076446931125,126.964738341052
252,공덕롯데캐슬점,"서울 마포구 마포대로 109 (공덕동, 롯데캐슬프레지던트)",37.5451188164137,126.950886259458
253,대흥역점,서울 마포구 백범로 100 (대흥동),0.0,0.0
254,마포공덕역점,서울 마포구 새창로 6 (도화동),37.54203652124145,126.95051136853505
255,마포성산시영점,서울 마포구 월드컵북로 210 (성산동),37.5692205219891,126.905804329554
256,마포점,서울 마포구 도화길 10 (도화동),0.0,0.0
257,망리단길점,"서울 마포구 포은로 81-1 (망원동, S-빌딩)",37.5543135567568,126.905265725284
258,망원역점,서울 마포구 월드컵로 82-1 (서교동),0.0,0.0
259,망원중앙점,서울 마포구 월드컵로 147 (망원동),0.0,0.0
260,상수역점,서울 마포구 와우산로 41-1 (상수동),0.0,0.0
261,상암한샘점,서울 마포구 성암로13길 58 (상암동),0.0,0.0
262,상암홈플러스점,서울 마포구 월드컵로 240 (성산동),0.0,0.0
263,서교동점,서울 마포구 와우산로29길 70 (서교동),0.0,0.0
264,성산점,서울 마포구 월드컵북로 137 (성산동),0.0,0.0
265,신촌그랑자이점,"서울 마포구 대흥로 183 (대흥동, 신촌그랑자이 상가)",37.5558352535218,126.945660437538
266,신촌숲아이파크점,"서울 마포구 광성로 17 (신수동, 신촌숲아이파크)",37.550314872049455,126.93551824572988
267,신촌하나로마트점,"서울 마포구 신촌로 66 (노고산동, 농협중앙회)",37.5560664973453,126.933116598433
268,애오개역점,서울 마포구 마포대로 208 (아현동),0.0,0.0
269,오벨리스크점,"서울 마포구 마포대로 33 (도화동, 마포 한화 오벨리스크)",0.0,0.0
270,합정LIG점,서울 마포구 양화로1길 21 (합정동),0.0,0.0
271,합정동점,서울 마포구 양화로6길 90 (합정동),0.0,0.0
272,합정역사거리점,서울 마포구 독막로2길 5 (합정동),0.0,0.0
273,합정홈플러스점,"서울 마포구 양화로 45 (서교동, 메세나폴리스)",0.0,0.0
274,홍대청기와점,서울 마포구 월드컵북로 7 (서교동),0.0,0.0
275,홍익대점,"서울 마포구 홍익로 10 (서교동, 서교푸르지오)",0.0,0.0
276,가재울중앙점,"서울 서대문구 가재울미래로 2 (남가좌동, DMC파크뷰자이)",0.0,0.0
277,명지대점,서울 서대문구 거북골로 35 (남가좌동),0.0,0.0
278,명지전문대점,서울 서대문구 가좌로 140 (홍은동),0.0,0.0
279,북가좌동점,서울 서대문구 증가로 257 (북가좌동),0.0,0.0
280,서대문구청점,서울 서대문구 연희로 237 (연희동),37.57824224353534,126.93569228371322
281,서대문점,서울 서대문구 냉천동,37.57824224353534,126.93569228371322
282,서울간호대점,서울 서대문구 간호대로 8 (홍제동),37.596698732359,126.94879760070489
283,신촌기차역점,서울 서대문구 신촌역로 35 (창천동),0.0,0.0
284,신촌역점,서울 서대문구 신촌로 87-20 (창천동),0.0,0.0
285,아현역점,"서울 서대문구 신촌로37길 10 (북아현동, 아현 메디컬)",37.5576654886412,126.957137829236
286,연남동점,서울 서대문구 연희로 42 (연희동),0.0,0.0
287,연세대점,서울 서대문구 연세로12길 10 (창천동),0.0,0.0
288,연세의료원ABMRC점,"서울 서대문구 연세로 50-1 (신촌동, 세브란스병원)",37.563674036531,126.941917689273
289,연세의료원의과대학점,"서울 서대문구 연세로 50-1 (신촌동, 세브란스병원)",37.563674036531,126.941917689273
290,연세의료원제중관점,"서울 서대문구 연세로 50-1 (신촌동, 세브란스병원)",37.56204444440694,126.9396619657622
291,연세의료원종합관점,"서울 서대문구 연세로 50-1 (신촌동, 세브란스병원)",37.56128805404262,126.94054256718223
292,연희홍연길점,서울 서대문구 홍제천로 146-9 (연희동),37.5763814406771,126.930025142924
293,충정로3가점,"서울 서대문구 경기대로 26-26 (충정로3가, 더스타일하우스디센트럴)",37.5610226183,126.962192415514
294,홍은사거리점,"서울 서대문구 통일로 510 (홍은동, 북한산 더샵)",37.5610226183,126.962192415514
295,강남센트럴시티점,"서울 서초구 신반포로 176 (반포동, 센트럴시티)",37.503934456230404,127.00241119724721
296,교대역점,"서울 서초구 서초대로56길 22 (서초동, 성운빌딩)",37.49348156830381,127.01711123409879
297,국립국악원점,"서울 서초구 남부순환로 2364 (서초동, 국립국악원)",37.4777188083482,127.009818464555
298,국립중앙도서관디지털관점,"서울 서초구 반포대로 201 (반포동, 국립중앙도서관)",37.49784541491314,127.00399194893603
299,국립중앙도서관본관점,"서울 서초구 반포대로 201 (반포동, 국립중앙도서관)",37.49759316196095,127.0030193959796
300,남부터미널점,서울 서초구 서초동 ,37.49759316196095,127.0030193959796
301,내방역점,"서울 서초구 서초대로 108 (방배동, 삼보빌딩)",0.0,0.0
302,반포지하상가점,"서울 서초구 신반포로 지하 200 (잠원동, 강남터미널지하쇼핑몰)",37.506219322319325,127.0050532634284
303,방배역점,서울 서초구 방배로 87 (방배동),0.0,0.0
304,방배중앙점,"서울 서초구 동광로 1 (방배동, 대양빌딩)",0.0,0.0
305,서울고교점,서울 서초구 서초동 ,0.0,0.0
306,서울고속버스터미널점,"서울 서초구 신반포로 194 (반포동, 강남고속버스터미널)",37.5057291465854,127.00568884262599
307,서울교대점,서울 서초구 서초동 ,37.5057291465854,127.00568884262599
308,서초법조타운점,"서울 서초구 서초중앙로24길 7 (서초동, 동천빌딩)",37.49479378533478,127.01448803642147
309,서초역점,서울 서초구 서초동 ,0.0,0.0
310,서초우면중앙점,"서울 서초구 양재대로2길 100-11 (우면동, 서초 리슈빌S)",37.45646459702972,127.01625285612394
311,서초점,서울 서초구 서초대로48길 16 (서초동),37.510472981127,127.0329589189837
312,신논현역점,"서울 서초구 서초대로77길 55 (서초동, 에이프로 스퀘어)",37.502226322085065,127.0245694495325
313,신사멀버리힐스점,서울 서초구 강남대로 589 (잠원동),37.5144406772564,127.019386390307
314,양재언남점,"서울 서초구 동산로 60 (양재동, 화성빌딩)",0.0,0.0
315,양재점,서울 서초구 남부순환로347길 38 (서초동),37.4860263770271,127.031487443707
316,양재중앙점,"서울 서초구 강남대로 221 (양재동, 양재역 환승주차장)",37.4860263770271,127.031487443707
317,양재하나로마트점,"서울 서초구 청계산로 10 (양재동, 농협하나로클럽)",37.4860263770271,127.031487443707
318,예술의전당점,"서울 서초구 반포대로 32 (서초동, 원일빌딩)",37.48343774983494,127.01212053082338
319,우면동점,"서울 서초구 바우뫼로 20 (우면동, 고호빌딩)",37.48343774983494,127.01212053082338
320,잠원논현점,서울 서초구 신반포로 333 (잠원동),0.0,0.0
321,청계산입구역점,서울 서초구 신원동,0.0,0.0
322,함지박사거리점,서울 서초구 방배로 234 우신빌딩,0.0,0.0
323,논골사거리점,서울 성동구 난계로 35 (금호동1가),0.0,0.0
324,답십리로데오점,서울 성동구 용답중앙15길 8 (용답동),37.5641084405355,127.053432156481
325,마장동점,서울 성동구 고산자로 339-2 (마장동),37.5641084405355,127.053432156481
326,마장역점,서울 성동구 마장로 293-1 (마장동),0.0,0.0
327,상왕십리역점,서울 성동구 무학봉15길 27 (하왕십리동),0.0,0.0
328,성동구청점,서울 성동구 고산자로 269 (도선동),0.0,0.0
329,성수2가점,서울 성동구 성덕정길 106 (성수동2가),0.0,0.0
330,성수아카데미점,서울 성동구 성수이로 118 (성수동2가),0.0,0.0
331,성수우리W타워점,서울 성동구 아차산로15길 19 (성수동2가),37.54487737059238,127.06190839848826
332,성수중앙점,"서울 성동구 성수일로6길 47 (성수동2가, 현성빌딩)",0.0,0.0
333,신금호역점,서울 성동구 금호산길 64 (금호동2가),0.0,0.0
334,옥수동점,서울 성동구 매봉길 12 (옥수동),0.0,0.0
335,왕십리비트플렉스점,서울 성동구 왕십리광장로 17 (행당동),0.0,0.0
336,왕십리센트라스점,서울 성동구 무학로 22 (홍익동),0.0,0.0
337,왕십리역점,서울 성동구 왕십리로 309 (행당동),0.0,0.0
338,응봉동점,"서울 성동구 독서당로 381 (응봉동, 현대종합상가)",0.0,0.0
339,텐즈힐점,"서울 성동구 무학로 33 (하왕십리동, 텐즈힐)",0.0,0.0
340,한양대생활과학관점,"서울 성동구 왕십리로 222 (사근동, 한양대학교)",0.0,0.0
341,고대개운점,서울 성북구 개운사길 30 (안암동5가),0.0,0.0
342,고대점,서울 성북구 고려대로24길 35 (안암동5가),37.5846644662531,127.029558844368
343,고대타이거프라자점,"서울 성북구 안암로 145 (안암동5가, 고려대학교안암캠퍼스)",37.5887034223667,127.031698331241
344,길음뉴타운점,"서울 성북구 길음로 74 (길음동, 길음 에스에이치빌)",0.0,0.0
345,길음중앙점,"서울 성북구 도봉로 11 (길음동, 삼주빌딩)",37.6102502835964,127.02987600544
346,돌곶이역점,서울 성북구 돌곶이로22길 3 (석관동),0.0,0.0
347,동덕여대점,서울 성북구 화랑로 99 (하월곡동),37.6034898226234,127.042688569342
348,보문역점,서울 성북구 보문로 111 (보문동2가),37.6034898226234,127.042688569342
349,석계중앙점,서울 성북구 화랑로40길 61 (석관동),0.0,0.0
350,석관동점,"서울 성북구 돌곶이로8길 22 (석관동, 래미안아트리치)",37.606523673300146,127.06226070129833
351,성신여대역점,서울 성북구 동소문로17길 40 (동소문동6가),37.5939295699321,127.015893755022
352,성신여대점,서울 성북구 보문로34길 100 (동선동2가),0.0,0.0
353,안암래미안점,서울 성북구 보문로30가길 42 (안암동1가),37.58902457510121,127.02202493345699
354,월곡1동점,서울 성북구 오패산로 99 (하월곡동),37.58902457510121,127.02202493345699
355,월곡동아점,서울 성북구 장월로1길 47 (상월곡동),37.60628529015279,127.04566819751201
356,장위2동점,서울 성북구 화랑로25길 14 (장위동),37.6093060056288,127.052463640045
357,장위뉴타운점,서울 성북구 장월로 144-1 (장위동),37.6177100595708,127.051043617995
358,장위동점,서울 성북구 월계로40길 7 (장위동),37.6177100595708,127.051043617995
359,장위북서울꿈의숲점,서울 성북구 돌곶이로41가길 2 (장위동),37.6186447150426,127.045615723434
360,장위중앙점,서울 성북구 장위로 35 (장위동),0.0,0.0
361,정릉중앙점,서울 성북구 정릉로 251 (정릉동),0.0,0.0
362,종암동점,서울 성북구 종암로 105 (종암동),0.0,0.0
363,하월곡동점,서울 성북구 오패산로 16 (하월곡동),0.0,0.0
364,한성대점,서울 성북구 삼선교로 10 (삼선동1가),0.0,0.0
365,가든파이브점,"서울 송파구 충민로 10 (문정동, 가든파이브툴)",37.4786173172251,127.119106729654
366,가든파이브테크노관점,"서울 송파구 충민로 66 (문정동, 가든파이브라이프)",37.4776148442516,127.124961768886
367,가락몰점,"서울 송파구 중대로 55-2 (가락동, 가로판매대) 가락몰3관",37.4916073817028,127.11495979115
368,가락중앙점,서울 송파구 송이로 87 (가락동),37.498303976004735,127.12087308454156
369,거여점,서울 송파구 오금로 497 (거여동),37.49352032166526,127.14434073545736
370,방이역점,서울 송파구 위례성대로18길 32 (방이동),0.0,0.0
371,방이초교점,서울 송파구 가락로 280 (방이동),37.5127330893982,127.120016251041
372,삼전중앙점,서울 송파구 백제고분로27길 5 (삼전동),37.5036697979808,127.092579345276
373,서울삼성내과점,"서울 송파구 백제고분로 126 (잠실동, 오룡빌딩)",37.5061702039866,127.08075330646
374,서울한방병원점,"서울 송파구 법원로11길 32 (문정동, 혜화복합시설)",37.4855010122778,127.115853505576
375,석촌백제점,"서울 송파구 백제고분로39길 15 (석촌동, 삼경빌딩)",37.5056617466954,127.104455184706
376,석촌역점,"서울 송파구 송파대로 456 (송파동, 웅현빌딩)",37.5071903282914,127.105841889845
377,송파문정점,서울 송파구 송이로 159 (가락동),37.49292715289153,127.12526318784414
378,송파올림픽훼미리타운점,"서울 송파구 중대로 24 (문정동, 올림픽훼밀리타운 아카데미 상가)",37.49058756157332,127.11794613172697
379,송파와이즈더샵점,"서울 송파구 위례광장로 270 (장지동, 송파와이즈더샵)",37.4770954347659,127.14372351448
380,송파위례점,"서울 송파구 위례광장로 188 (장지동, 아이온스퀘어)",37.480845018993676,127.14280133733737
381,송파파인타운점,"서울 송파구 충민로2길 28 (장지동, 대진플라자2)",37.480845018993676,127.14280133733737
382,송파풍납점,서울 송파구 강동대로9길 17-1 (풍납동),0.0,0.0
383,오금중앙점 ,"서울 송파구 위례성대로22길 18 (오금동, 이시돌빌딩)",37.5087791749502,127.1305037107547
384,올림픽공원점,서울 송파구 올림픽로 354 (방이동),0.0,0.0
385,올림픽프라자점,서울 송파구 양재대로 1222 (방이동),37.51573785966157,127.13191560436994
386,위례포레샤인점,"서울 송파구 위례순환로 477 (장지동, 위례포레샤인23단지)",37.47494648104577,127.13442428248332
387,잠실본동점,"서울 송파구 백제고분로 172 (잠실동, 제이케이빌딩)",37.5047208554957,127.085852293902
388,잠실역점,"서울 송파구 송파대로 567 (잠실동, 잠실주공아파트)",37.51353974735096,127.0993615087665
389,강서초교점,서울 양천구 오목로 48 (신월동),37.51353974735096,127.0993615087665
390,남부지방법원점,"서울 양천구 은행정로4길 25 (신정동, SM엘루이아파트)",37.5215008347482,126.862615322582
391,목3동점,"서울 양천구 목동중앙북로 38 (목동, 롯데캐슬위너아파트)",0.0,0.0
392,목동등촌로점,서울 양천구 등촌로 180 (목동),0.0,0.0
393,목동센트럴아이파크위브점,서울 양천구 남부순환로 603 (신월동),37.5152188104643,126.840692066592
394,목동신목점,"서울 양천구 목동중앙로 85 (목동, 강산아파트)",0.0,0.0
395,목동신트리점,"서울 양천구 신정로 312 (신정동, 뉴프라자)",37.51332646905488,126.85550236470392
396,목동아델리체점,"서울 양천구 중앙로43길 14 (신정동, 래미안 목동아델리체)",37.51805318749786,126.85263139671464
397,목동파라곤점,서울 양천구 목동서로 155 (목동),37.51805318749786,126.85263139671464
398,목동파리공원점,서울 양천구 목동동로 379 (목동),0.0,0.0
399,서남병원점,서울 양천구 신정동,0.0,0.0
400,신월5동점,서울 양천구 화곡로 50 (신월동),0.0,0.0
401,신월7동점,서울 양천구 지양로 79 (신월동),0.0,0.0
402,신월사거리점,서울 양천구 남부순환로 353 (신월동),37.5356741789955,126.828923065237
403,신월신곡시장점,서울 양천구 신월로 172 (신월동),0.0,0.0
404,신정네거리역점,서울 양천구 중앙로 282 (신정동),0.0,0.0
405,신정서부점,서울 양천구 신정로11길 50-15 (신정동),0.0,0.0
406,양천구청점,서울 양천구 목동동로 63 (신정동),0.0,0.0
407,오목교대학학원점,서울 양천구 오목로 319 (목동),0.0,0.0
408,IFC몰점,"서울 영등포구 국제금융로 10 (여의도동, 서울 국제금융 센터)",37.5251775245928,126.924876706923
409,KBS별관점,"서울 영등포구 국제금융로8길 27-9 (여의도동, 동북빌딩)",37.5196744579443,126.928930989749
410,국회의사당역점,"서울 영등포구 의사당대로 22 (여의도동, 이룸센터)",37.526869878743,126.917843631999
411,남부고용센터점,서울 영등포구 양산로 71 (양평동3가),37.525029038125,126.891103928762
412,당산버드나루점,서울 영등포구 버드나루로 87 (영등포동7가),37.525029038125,126.891103928762
413,당산역점,"서울 영등포구 당산로 222 (당산동5가, 당산디오빌)",37.525029038125,126.891103928762
414,당산중앙점,서울 영등포구 당산로 159 (당산동4가),37.525029038125,126.891103928762
415,대림1동점,서울 영등포구 도림로 198 (대림동),37.49647205091008,126.9028549432193
416,대림3동점,서울 영등포구 대림로 212 (대림동),37.49647205091008,126.9028549432193
417,대림역점,서울 영등포구 도림로31길 2 (대림동),37.49647205091008,126.9028549432193
418,도림점,"서울 영등포구 도신로15길 40 (도림동, 도림빌딩)",37.49647205091008,126.9028549432193
419,라이프점,"서울 영등포구 63로 40 (여의도동, 라이프오피스텔)",37.5196351977246,126.939136417577
420,문래에이스점,"서울 영등포구 선유로13길 25 (문래동6가, 에이스하이테크시티2)",37.5189822790873,126.886278723171
421,보라매역점,서울 영등포구 여의대방로 141 (신길동),37.5189822790873,126.886278723171
422,서여의도점,"서울 영등포구 국회대로72길 4 (여의도동, 아이비피아빌딩)",37.5303335810073,126.919916432847
423,선유도역점,서울 영등포구 양평로 126 (양평동5가),37.5303335810073,126.919916432847
424,신길성애병원점,서울 영등포구 여의대방로53길 27 (신길동),37.511854826249035,126.92152601914933
425,신길썬프라자점,서울 영등포구 신길로 42 (신길동),0.0,0.0
426,신길아이파크점,서울 영등포구 도림로 280 (신길동),0.0,0.0
427,신길역점,서울 영등포구 영등포로 353 (신길동),0.0,0.0
428,양평동2가점,"서울 영등포구 선유서로25길 19 (양평동2가, 오목교투웨니퍼스트)",37.524529915593526,126.88358139719749
429,여의나루역점,서울 영등포구 여의나루로 113 (여의도동),37.5260558187275,126.930769729764
430,여의도농협재단점,"서울 영등포구 국제금융로8길 2 (여의도동, 농협재단빌딩)",37.5220163808659,126.930048684376
431,여의도역점,"서울 영등포구 의사당대로 108 (여의도동, 아일렉스)",37.5210144173791,126.923991634451
432,영등포knk점,"서울 영등포구 영신로 220 (영등포동8가, KnK디지털타워)",37.52667482397141,126.90422425738349
433,영등포그랜드점,"서울 영등포구 양산로9길 15 (양평동3가, 그랜드타워)",37.526790955173,126.888600855285
434,영등포당산엘르점,서울 영등포구 영등포로 141-1 (당산동1가),37.5213280608143,126.89731742963
435,영등포시장점,서울 영등포구 영등포로35길 19 (영등포동6가),37.5213280608143,126.89731742963
436,영등포아크로타워점,"서울 영등포구 국회대로54길 10 (영등포동7가, 아크로타워 스퀘어)",37.5213280608143,126.89731742963
437,영등포에이스점,서울 영등포구 경인로 775 (문래동3가),37.5213280608143,126.89731742963
438,영등포점,서울 영등포구 영중로 16-1 (영등포동3가),37.51787131047062,126.90613304012865
439,영등포코레일점,"서울 영등포구 경인로 846 (영등포동, 영등포 민자역사)",37.5156680341198,126.907665995469
440,영등포홈플러스점,"서울 영등포구 당산로 42 (문래동3가, 홈플러스)",37.50324896699568,127.02455282046348
441,한국수출입은행점,"서울 영등포구 은행로 38 (여의도동, 한국수출입은행빌딩)",37.5286372332436,126.923399003703
442,힐스테이트클래시안점,"서울 영등포구 신길로28길 9 (신길동, 힐스테이트 클래시안)",37.50498841878383,126.91093600723607
443,IBK고객센터점,"서울 용산구 한남대로 72 (한남동, IBK기업은행고객센터)",37.53494410336005,127.00692431290224
444,동부이촌동점,서울 용산구 이촌로77길 19 (이촌동),37.53494410336005,127.00692431290224
445,동자동점,서울 용산구 후암로 93 (동자동),37.53494410336005,127.00692431290224
446,삼각지점,서울 용산구 한강대로 138 (한강로2가),0.0,0.0
447,숙대입구역점,서울 용산구 한강대로 289 (갈월동),0.0,0.0
448,순천향병원점,서울 용산구 대사관로 72 ,0.0,0.0
449,용문점,서울 용산구 원효로41길 73 (원효로2가),37.53584882357322,126.9611373908156
450,용산원효대로점,서울 용산구 원효로19길 81 (원효로3가),37.5337400268036,126.956231240406
451,용산원효점,"서울 용산구 원효로 70 (원효로4가, 신정빌딩)",37.5325054872953,126.951642152118
452,용산중앙점,서울 용산구 한강대로 52-1 (한강로3가),37.5254293060308,126.964651687385
453,용산청파점,"서울 용산구 청파로71길 10 (청파동1가, 새마을금고)",37.5494639189725,126.969413497587
454,용산효창점,서울 용산구 효창원로66길 2 (효창동),37.540537976136086,126.96220762686157
455,원효로점,서울 용산구 원효로 257 (원효로1가),37.540537976136086,126.96220762686157
456,갈현점,서울 은평구 갈현로 268 (갈현동),0.0,0.0
457,구산사거리점,서울 은평구 서오릉로 195 (구산동),37.61346014720294,126.91190260226251
458,구산역점,서울 은평구 연서로 148 (대조동),37.611979902816174,126.91762675639762
459,구파발역점,"서울 은평구 진관2로 29-21 (진관동, 드림스퀘어)",0.0,0.0
460,녹번동점,"서울 은평구 진흥로 156 (녹번동, 신명빌딩)",37.60875371667509,126.92690582152824
461,백련산아이파크점,"서울 은평구 응암로 264 (응암동, 서울빌딩)",37.59534169809925,126.91882273114796
462,본서부병원점,"서울 은평구 응암로 337 (응암동, 빛터룩스 빌딩)",37.60130668380729,126.92212973358569
463,불광점,서울 은평구 통일로 790 (불광동),37.615230520763,126.925968000044
464,불광중앙점,서울 은평구 불광로 59 (불광동),37.61232903413161,126.93174133362822
465,새절역점,서울 은평구 가좌로 272 (신사동),37.59318462886998,126.91361081200473
466,서광교회점,"서울 은평구 통일로 951 (갈현동, 서광교회)",37.6277461902526,126.919185124303
467,역촌동점,서울 은평구 갈현로 82 (역촌동),37.60527601006437,126.91070049318746
468,역촌역점,서울 은평구 진흥로 95 (역촌동),37.6054420445568,126.922124290438
469,역촌진흥로점,서울 은평구 진흥로1길 3 (역촌동),37.60076733486699,126.91863338447128
470,연신내역점,서울 은평구 통일로 855-9 (갈현동),37.6188948297727,126.919884176889
471,연신내통일로점,서울 은평구 통일로 876 (불광동),37.6188948297727,126.919884176889
472,은평구청점,서울 은평구 은평로 197 (녹번동),37.601551874463,126.92948914955393
473,은평뉴타운점,"서울 은평구 진관3로 70 (진관동, 은평뉴타운상림마을)",37.601551874463,126.92948914955393
474,은평신사점,"서울 은평구 갈현로1길 21 (신사동, 새마을금고신사동제2분사무소)",37.5992730543067,126.907863200941
475,응암역점,"서울 은평구 연서로 9 (역촌동, 센타폴리스)",37.600098929318705,126.91561001336949
476,응암오거리점,서울 은평구 응암로 211 (응암동),37.59090765819004,126.91715178773087
477,증산동점,서울 은평구 증산서길 78 (증산동),37.5833665429509,126.906550600654
478,경복궁역점,"서울 종로구 자하문로 7 (체부동, 성명빌딩)",37.5767147965826,126.972206795305
479,경희궁점,서울 종로구 경희궁1길 16 (신문로2가),37.5716953499755,126.970696336246
480,광화문점,서울 종로구 세종대로23길 15 (도렴동),37.57150699708368,126.97565344843615
481,낙원동점,서울 종로구 낙원동 ,37.57150699708368,126.97565344843615
482,대학로점,서울 종로구 대학로10길 17 (동숭동),0.0,0.0
483,독립문역점,서울 종로구 통일로 266 (무악동),0.0,0.0
484,동대문역점,"서울 종로구 율곡로 286 (종로6가, 야드인빌딩)",37.57184800694998,127.00805518188871
485,배화여대점,서울 종로구 필운대로1길 35 (필운동),0.0,0.0
486,북촌마을점,서울 종로구 북촌로5길 39 (화동),37.5793376128612,126.982701926649
487,삼일빌딩점,서울 종로구 삼일대로15길 13 (관철동),0.0,0.0
488,상명대점,서울 종로구 홍지동,0.0,0.0
489,성균관대점,서울 종로구 성균관로 8 (명륜2가),0.0,0.0
490,숭인점,서울 종로구 숭인동길 6 (숭인동),0.0,0.0
491,신설점,서울 종로구 난계로29길 30 (숭인동),37.5742373886978,127.021476077131
492,안국역사점,"서울 종로구 율곡로 지하 62 (안국동, 3호선 안국역)",37.5767203705556,126.985823042976
493,종로3가점,서울 종로구 종로 126 (종로3가),0.0,0.0
494,종로4가점,서울 종로구 김상옥로 1 (인의동),0.0,0.0
495,종로5가점,서울 종로구 대학로 33 (효제동),37.574075527144224,127.00182933693897
496,종로교차로점,서울 종로구 동호로 406-1 (종로5가),37.57062831400788,127.00218468908557
497,종로구청점,서울 종로구 수송동,37.57062831400788,127.00218468908557
498,종로삼일대로점,서울 종로구 삼일대로 390-1 (관철동),0.0,0.0
499,종로이화동점,서울 종로구 낙산성곽서1길 10 (이화동),37.5774862427837,127.008183259977
500,종로타워점,"서울 종로구 종로 51 (종로2가, 종로타워)",0.0,0.0
501,창덕궁점,서울 종로구 돈화문로 41-1 (묘동),37.57228044824555,126.99142858488985
502,창신동점,서울 종로구 종로 316-1 (창신동),37.57228044824555,126.99142858488985
503,창신중앙점 ,서울 종로구 지봉로 64 (숭인동),37.57228044824555,126.99142858488985
504,탑골공원점,서울 종로구 낙원동 ,0.0,0.0
505,혜화동로터리점,서울 종로구 혜화로 3-1 (혜화동),0.0,0.0
506,혜화역점,서울 종로구 창경궁로 258-15 (명륜2가),0.0,0.0
507,IBK본점,"서울 중구 을지로 79 (을지로2가, 기업은행)",37.56644251292965,126.98717557400126
508,광희동점,서울 중구 마른내로 165-1 (광희동1가),0.0,0.0
509,다동점,서울 중구 다동길 46 (다동),0.0,0.0
510,동국대후문점,"서울 중구 창경궁로 2 (충무로5가, 남경빌딩)",37.5625572053404,126.9986915916533
511,동대문점,서울 중구 을지로43길 38 (을지로6가),37.5625572053404,126.9986915916533
512,동대문팀204점,"서울 중구 마장로 30 (신당동, Team204)",37.5677127859728,127.013196592402
513,동평화점,서울 중구 청계천로 318 (신당동),0.0,0.0
514,명동거리점,"서울 중구 명동8가길 7 (충무로2가, 프리엠상가)",37.5617602798822,126.985404271845
515,명동역점,서울 중구 퇴계로 103 (충무로1가),37.5617602798822,126.985404271845
516,명동중앙점,"서울 중구 명동7길 21 (을지로2가, 명동아르누보센텀)",37.5647312946952,126.983858910559
517,북창동점,서울 중구 남대문로1길 57-1 (태평로2가),37.5647312946952,126.983858910559
518,서소문점,서울 중구 서소문로11길 8 (서소문동),37.5632737727618,126.973094520683
519,서울시청점,"서울 중구 세종대로20길 23 (무교동, 원창빌딩)",37.5671518187227,126.978729588014
520,신당점,서울 중구 다산로35길 11 (신당동),0.0,0.0
521,신당중앙점,서울 중구 퇴계로 455 (황학동),0.0,0.0
522,오장동점,서울 중구 마른내로 109-1 (오장동),0.0,0.0
523,을지로3가점,서울 중구 수표로 45 (저동2가),0.0,0.0
524,을지로중앙점,서울 중구 마른내로 49 (인현동1가),37.5644739023203,126.993478277513
525,정동점,서울 중구 정동길 2-1 (정동),0.0,0.0
526,중림브라운스톤점,"서울 중구 청파로 464 (중림동, 브라운스톤서울)",37.5608187887289,126.968225883547
527,충무아트홀점,서울 중구 퇴계로 381-1 (신당동),0.0,0.0
528,충무필동점,서울 중구 퇴계로 218-5 (필동2가),0.0,0.0
529,태평로점,서울 중구 세종대로11길 26 (서소문동),37.5623140006705,126.974582779311
530,퇴계로2길점,서울 중구 퇴계로2길 1 (남창동),37.55756848236245,126.97740146915775
531,한국은행점,서울 중구 남대문로 29-2 (남대문로3가),37.55756848236245,126.97740146915775
532,회현SK리더스점,"서울 중구 퇴계로 72 (회현동1가, 리더스뷰남산)",37.55756848236245,126.97740146915775
533,금란망우점,서울 중랑구 망우로 460 (망우동),0.0,0.0
534,동원사거리점,"서울 중랑구 겸재로 240 (면목동, 행복오피스텔)",37.5896269575279,127.094182772191
535,망우중앙점,"서울 중랑구 용마산로115길 109 (망우동, 한일써너스빌리젠시2단지)",37.5974674047065,127.09415879594557
536,망우코레일점,"서울 중랑구 망우로55길 11-10 (상봉동, 망우역)",37.5992876153903,127.092756577852
537,먹골역점,서울 중랑구 동일로157길 13 (묵동),37.6097411262067,127.076897926489
538,면목경남아너스빌점,서울 중랑구 면목로27길 92 (면목동),37.574252177368244,127.08048931056359
539,면목늘찬병원점,"서울 중랑구 동일로 643 (면목동, 늘찬병원)",37.5879908042663,127.079680860838
540,면목역점,"서울 중랑구 면목로 429 (면목동, 킴스아파트)",37.5901934659094,127.086826066156
541,봉화산역점,서울 중랑구 신내로 211 (신내동),37.5901934659094,127.086826066156
542,사가정아이파크점,"서울 중랑구 동일로92길 57 (면목동, 메디포레)",37.5834835948977,127.083196727099
543,사가정역점,서울 중랑구 면목로 325 (면목동),37.5834835948977,127.083196727099
544,상봉엠코점,"서울 중랑구 망우로 353 (상봉동, 상봉 프레미어스 엠코)",37.5834835948977,127.083196727099
545,상봉역점,서울 중랑구 망우로 277 (상봉동),37.5960553404392,127.08342099906
546,상봉중앙점,서울 중랑구 망우로 316 (상봉동),37.5960553404392,127.08342099906
547,서울상봉1동점,서울 중랑구 상봉중앙로 36 (상봉동),37.6002908828924,127.087790157773
548,서울중화초등학교점,"서울 중랑구 신내로7가길 7 (신내동, 제이리옴)",37.60237451498618,127.09544803898844
549,서일중앙점,"서울 중랑구 용마산로 394 (면목동, 해동검도)",0.0,0.0
550,신내동점,서울 중랑구 봉화산로 215 (신내동),0.0,0.0
551,양원역점,서울 중랑구 양원역로14가길 24 (망우동),37.60748470605642,127.10675146670297
552,중랑교차로점,서울 중랑구 동일로 683 (면목동),0.0,0.0
553,중랑묵동점,서울 중랑구 공릉로 42 (묵동),37.6143693114243,127.078289365778
554,중랑역점,서울 중랑구 망우로 198 (상봉동),37.6143693114243,127.078289365778
555,중화동점,서울 중랑구 동일로129길 1 (중화동),37.5993838458016,127.079542626772
556,화랑대역점,"서울 중랑구 신내로25가길 2 (묵동, 현동학당)",37.61954020149987,127.08413727538176
